Listing ID,Predicted Price
0,351.8363761274702
1,338.7393046522696
2,325.0357214677669
3,286.5750932932064
4,297.9064363057194
5,321.0448252702619
6,310.14562390415415
7,228.06824084670126
8,334.0444970549547
9,209.603715944509
10,256.11387409433263
11,332.104019740559
12,234.4715470331867
13,252.38498772326767
14,253.8164926748807
15,361.64986491611717
16,295.9078396584043
17,226.4960938097787
18,122.46249012306468
19,220.5369218942437
20,293.48820305111303
21,175.30838267341898
22,340.4796452860713
23,185.36390992474958
24,304.3712028635431
25,222.6400536767212
26,380.2636544791496
27,196.00493266885556
28,330.5057901421024
29,408.33702569275056
30,137.45813965626766
31,355.38616625499714
32,390.79390564014386
33,258.41470726066154
34,292.0784205175508
35,195.32054509085447
36,337.08151152123224
37,208.02482880967585
38,330.38782938431405
39,338.5018084147155
40,268.8025533429097
41,237.74632720056763
42,377.50548055967874
43,250.52862741227537
44,258.99095140914835
45,291.3945963122117
46,95.95814236113597
47,251.52773665320774
48,135.20401514638434
49,296.8675556771892
50,306.8569034824237
51,317.305427996571
52,328.1480981388846
53,383.1571720696207
54,307.9763633343264
55,296.6079075965711
56,244.89373500109824
57,264.1637097328089
58,382.3265889507243
59,453.6989219175367
60,335.1084371296749
61,161.5915055888275
62,244.305143049878
63,226.42421645156384
64,294.20717638313994
65,209.39058898075564
66,297.4113105631055
67,435.2468523782334
68,374.2938454847064
69,172.97052973777582
70,250.56121365016983
71,181.1878832749793
72,387.42250703706986
73,260.93067364468226
74,279.737341251667
75,286.0039158995649
76,106.04344299285208
77,239.33376403087914
78,290.8409051841352
79,347.4534366889664
80,270.0559671771364
81,271.8958440531047
82,253.41027775180024
83,420.5608768977632
84,304.7705031298713
85,300.7154587846704
86,256.5411660006227
87,260.6674557558272
88,371.2107248860962
89,245.03343717395356
90,214.4579104103127
91,199.36203915126384
92,310.4773219545239
93,219.6045412526147
94,59.79168878122209
95,528.4943722686899
96,238.15767447480948
97,282.465710756743
98,367.7082656500908
99,305.60826161337667
100,426.2111922920591
101,149.30786378119467
102,284.1612623021724
103,261.50009252552024
104,259.23256798803266
105,336.94762140368954
106,273.3510335970727
107,181.96220363497977
108,217.9982796844464
109,376.60220921372064
110,243.6818837931471
111,136.24240972371007
112,223.10714068017987
113,180.88489960685683
114,212.97661182588206
115,343.22239622262924
116,291.45915755502364
117,341.64558678120574
118,234.28041438187043
119,282.42073698943733
120,408.9023970312722
121,495.66334917910643
122,347.55333965564625
123,295.1193081678944
124,272.0063731495479
125,158.9608728633312
126,402.73874124362396
128,239.40051802204573
129,363.583040785403
130,215.85191456183924
131,353.9796824123683
132,251.37747008683814
133,293.67298248004
134,170.4661332908978
135,366.604788422121
136,250.7641964607914
137,318.8535976741884
138,309.7493650837589
139,111.77107934585274
140,165.4507383356684
141,282.4451341130784
142,446.0596324139685
143,304.4031375855418
144,254.5847795232938
145,109.43875023391418
146,261.43004740660353
147,236.11025653659735
148,298.59293120450036
149,275.20930472694926
150,311.5285977864637
151,296.66362341268007
152,387.5689831262518
153,361.9660173470134
154,234.69869090676437
155,332.4823314606892
156,364.04910119203345
157,210.26424459311679
158,406.4725390649826
159,286.60626507746406
160,229.94414881911362
161,333.146485416916
162,187.55416920692258
163,233.0255455949839
164,200.74511696696717
165,217.4239479299365
166,181.5070223996396
167,297.37860363041636
168,186.0872723791001
169,352.4725851296517
170,203.2333807808876
171,303.9591605039514
172,287.06467932524106
173,293.8119096457584
174,372.9263463624354
175,166.8601870796716
176,189.29545778099668
177,253.3059857333837
178,421.1518883713816
179,330.52445746009494
180,300.5242842674181
181,319.2506474142565
182,213.97711985777198
183,189.05849617682853
184,430.59352726559536
185,264.46617816643413
186,321.1167274072646
187,245.34736277797938
188,317.60883818698375
189,304.71009409887955
190,174.862395942803
191,282.83756980446884
192,262.6153815072011
193,179.0522829031953
194,251.85798642830184
195,313.72793768339744
196,408.178421397781
197,262.1559029827263
198,330.72177884954226
199,349.1754117126477
200,235.09901809064309
201,214.6345967035776
202,372.77109764603347
203,227.01496258955453
204,262.2429813680136
205,237.4078860540066
206,191.3596001206286
207,380.8178635208751
208,428.07648092600135
209,261.48345565989257
210,141.32860538325136
211,233.06866829368624
212,247.6991912063994
213,410.15707929515736
215,377.13178434754155
216,200.91998239965673
217,314.45171897012114
218,203.54273926163646
219,315.1375365671885
220,287.4638804278
221,305.1258085473057
222,98.50373693745632
223,403.0369624594289
224,371.6004966766693
225,480.8569538164205
226,199.940533141247
227,261.19454544344126
228,237.5419469925777
229,266.9902641473123
230,132.37842211527754
231,286.4340023019325
232,242.51610986580266
233,307.1206886750494
234,162.0087090526257
235,225.39051948209436
236,204.44034542333512
237,220.04864080294888
238,247.7645046889163
239,285.7686802052283
240,123.88018628966984
241,265.7108436803144
242,256.06399380887285
243,187.5283785652335
244,299.8139134374086
245,186.94683711860932
246,247.45350348273587
247,226.8815587868293
248,199.41230050129798
249,252.2687305683666
250,263.99556859216887
251,353.361805437717
252,213.64380960146136
253,191.3659423344819
254,263.9492022833603
255,282.14014277539275
256,300.38706354845164
257,322.4983041425051
258,283.2594918258589
259,293.5820321658541
260,208.38105554941376
261,478.7675934739209
262,352.9796905237613
263,30.291677764425916
264,191.1614660469494
265,492.2071657683356
266,163.24202344066225
267,224.20357176930133
268,414.9657880352562
269,287.7529759359124
270,323.4109349182949
271,233.29342425710166
272,388.1127421951415
273,332.96315651075156
274,176.31474564945097
275,354.6168370459796
276,311.13161008568125
277,345.9460550938875
278,198.66911041282145
279,418.0678891093976
280,292.7952174531757
281,313.71691529592147
282,289.86592432433923
283,268.89901286820094
284,132.06047164822408
285,209.997775659321
286,209.07672717436535
287,103.56462057534793
288,194.01406197073763
289,270.9311136449695
290,300.85553123534913
291,272.06453788395896
292,365.1287188611656
293,222.68221331840473
294,343.8122555801963
295,262.1100650703293
296,245.8404059397595
297,270.3041393277068
298,298.2386778250028
299,207.56508201959844
300,218.04411149626563
301,264.35806532952256
302,441.4411321318369
303,234.26595461186278
304,271.3975941516661
305,196.1641894818722
306,231.29761825922662
307,289.51853854897803
308,247.34026023354357
309,286.36550738989195
310,230.8629865135348
311,409.38086474535686
312,232.99525402570475
313,256.03534654197
314,357.6299588834098
315,272.89243659399557
316,313.1992978474196
317,405.52080559355625
318,258.3155750301233
319,335.58477595954065
320,249.60560147088063
321,281.94933298530026
322,203.54373664801682
323,278.899994154337
324,283.15795971284433
325,282.86464446657334
326,307.23951395331403
327,303.55294332458664
328,244.1831042279121
329,204.6653378098113
330,245.88936729789958
331,441.28161764245476
332,103.29615334328446
333,221.1686126221491
334,344.32015139619045
335,290.6750058849646
336,230.18879821581993
337,392.2393431169205
338,286.909175505345
339,380.41458714814087
340,335.4152835594018
341,259.65974049612964
342,364.9554258167898
343,269.02328081405693
344,242.29666499681758
345,308.44643717253166
346,227.19736231226747
347,207.79903224926335
348,236.84727516632472
349,350.13005588987704
350,234.2022768715498
351,631.3496117987379
352,227.30585306129296
354,328.52088375156
355,380.9825514988332
356,235.39616612098192
357,223.60240367620895
358,401.6067013902114
359,246.20965271951712
360,141.8202944373918
361,260.0884615840831
362,250.62081121160446
363,337.5100891645827
364,319.11093431444687
365,354.0143943453916
366,293.82068837620466
367,83.97557989912184
368,392.0599812797419
369,274.1364370367287
370,222.3464237508922
371,218.629905156432
372,199.60944893727302
373,262.92064342933423
374,274.8605787394934
375,275.398107809669
376,226.67148771071902
377,332.13364590754264
378,238.59536710414926
379,324.14881416175973
380,254.58349502139674
381,261.19765939095333
382,280.0435464238648
383,281.62150513291294
384,190.68852371053555
385,295.76703712127966
386,299.1941445421673
387,128.59113868430035
389,315.74409109611656
390,276.1232653336141
391,232.18922580343906
392,198.71765909257988
393,279.6529980817595
394,258.34146996088555
395,346.25608545156854
396,322.0217014472792
397,341.7422001185702
398,198.3364910414599
399,302.3200498532185
400,169.21931034960812
401,211.1034689065841
402,238.95889664690102
403,282.94049286144974
404,213.32891662845776
405,367.82994277993737
406,204.67529264796258
407,178.01389523532941
408,238.53821653541218
409,260.0877918443442
410,234.91560513124128
411,275.7728394916872
412,267.0923868011191
413,318.1479352934291
414,255.7802012950434
415,152.68663195495537
416,282.5103639626825
417,231.18957200263117
418,212.3413126155693
419,186.57474471692453
420,346.988897269291
421,220.05757918967743
422,209.37651874361973
423,232.00812098917095
424,229.81796047806517
425,315.24795798592623
426,278.64292773417696
427,324.93646072253824
428,244.69754685372234
429,528.8508724405305
430,272.03503014748327
431,251.5070620406184
432,327.0599128210666
433,253.03054577008166
434,336.1904755738885
435,359.05274688232504
436,258.7649506574539
437,321.00400021957057
438,205.12269572001165
439,304.09696894268245
440,158.92227414983552
441,244.25531026178723
442,224.6534914802358
443,314.03705825678384
444,211.67817972912744
445,339.03545038076004
446,244.99232568205457
447,387.8476637253318
448,245.00521833706034
449,386.7069066111942
450,330.27251039013623
451,265.1128298618685
452,246.32650097392067
453,460.61680273010745
454,96.84796701439744
455,204.34376987294763
456,301.9459885037105
457,257.37584823236585
458,316.31612149573476
459,362.8214031803898
460,247.41403848577005
461,350.4046933354666
462,160.06244401210785
463,294.4607782706564
464,187.57378290330814
465,154.25482745332545
466,269.5243538024497
467,224.0004080521908
468,216.43222271569107
469,314.28384308312184
470,181.24829349144431
471,309.0038773465409
472,234.89862766922775
473,142.70104726534487
474,232.69918512516392
475,241.57752556074715
476,272.65150998819206
477,92.076830379091
478,361.888700851896
479,358.06687314782585
480,144.65639205265643
481,250.26661063374436
482,362.5974823695151
483,205.01774504526853
484,248.83390769952123
485,220.00614587922283
486,216.9447466048298
487,362.04006847667983
488,222.32544172145202
489,389.4928442021737
490,204.6774071730178
491,412.68777545826623
492,129.62296772945297
493,250.7544994237434
494,469.9211455172572
495,294.1849614368568
496,361.20653726694206
497,197.62767996312178
498,322.1334204988015
499,271.67337059129727
500,343.183854796191
501,180.2165745004043
502,298.0457792243455
503,332.63858662429055
504,292.2732196401335
505,299.99664220203147
506,360.1753336152356
507,274.0914349887964
508,266.1031917170619
510,265.67405026654984
511,275.86431206646114
512,319.49581113723013
513,327.7561111753792
514,314.9044273536032
515,270.97483403786055
516,249.3326003843033
517,393.72222611687175
518,235.0157517313863
519,214.5276179246689
520,143.24237742541072
521,308.0698804502072
522,340.9749098478408
523,265.134662442627
524,77.76618770974369
525,293.80249075349553
526,365.3299689718376
527,230.4507140063339
528,299.04992915808765
529,354.0391401273242
530,159.22756413094444
531,313.13849016194774
532,275.1194968563311
533,274.61663049128475
534,257.2966808077494
535,260.64880126063235
536,263.3618156417922
537,403.8483042993071
538,262.85137019282604
539,489.9409532092173
540,346.0228849354896
541,463.4784425446098
542,236.76762124018012
543,237.44574241425298
544,213.90102724681424
545,491.73742773699587
546,179.4248992569831
547,216.3599900136811
548,329.60817460376245
549,234.92498438137918
550,300.75644100925643
551,293.2950759232337
552,222.41905111807813
553,178.0597233140195
554,375.1813964180132
555,229.46993948529735
556,187.85765832131997
557,228.8323865417798
558,264.17048456161933
559,291.3343348859196
560,378.7511870975724
561,204.05730034804503
562,321.0127584221298
563,298.6808788628481
564,282.31408511828147
565,230.2077067261299
566,237.4816007772365
567,202.82847951687506
568,136.83151827286724
569,339.1079472870934
570,126.97780075342007
571,208.1745536525299
572,329.1519437110017
573,314.3383639662422
574,193.49094878507708
575,296.64319862905114
576,318.11578220650125
577,495.358157689119
578,232.98475840979373
579,309.526556844187
580,386.8029948609535
581,286.0864183641169
582,251.842667970132
583,196.2253999877568
584,281.8485548308818
585,271.62505790984596
586,170.29397510345075
587,293.9780569794586
588,309.03665144283696
589,189.17947580053487
590,256.55693777644694
591,324.353075480633
592,348.9273083421398
593,185.67652227971217
594,299.08122185446365
595,199.96264895399167
596,362.68091623763075
597,279.7314854953701
598,371.68070101943664
599,225.34986375202524
600,233.83101268967764
601,226.5146462766172
602,341.23299552963937
603,188.5690189651337
604,123.9415828375461
605,230.92608491594837
606,221.18452554701122
607,276.38557068426667
608,318.9094999191416
609,319.01006476381104
610,211.58568061158897
611,329.8114164858275
612,282.32406247731365
613,202.39304490183122
614,189.99946408917435
615,230.3292428387372
616,350.0629926362786
617,321.66808951654406
618,293.5749238493519
619,190.91083929442615
620,345.902964653291
621,148.97192384113063
622,309.99852799207207
623,250.65712920511845
624,318.4764375093199
625,320.1148812453544
626,316.7806424331607
627,218.5344407944662
628,207.50990835616903
629,326.9233475042315
630,253.07872988174105
631,169.41548925754194
632,265.92886129105443
633,320.70008876141674
634,317.2233630858427
635,262.1214130342356
637,268.9566810068674
638,121.06128033890104
639,181.5036536784296
640,234.70373910488155
641,289.9692401883928
642,223.81483429705165
643,338.3728650832853
644,353.48714811505585
645,247.76249301560733
646,186.95847752078544
647,235.81556643502842
648,267.27112440919024
649,340.3514447383669
650,186.39224702192496
651,260.6828625088685
652,386.6764107633076
653,451.62589960920013
654,395.27732117138197
655,336.4514895314244
656,294.4025635273235
657,244.4443300687109
659,218.32952406468266
660,178.32499503935196
661,301.7486416908012
662,172.72187461756312
663,261.2888476857648
664,266.5717776748761
665,259.1224991108606
666,383.7092755847009
667,263.871242295445
668,308.9129757239636
669,171.89106500714965
670,251.2081915319831
671,237.61033296889113
672,248.65974407829813
673,142.0914367775224
674,275.4317437504643
675,228.09005123753687
676,225.49906247032777
677,262.1543263773546
678,213.58591945340743
679,206.1150293522802
680,261.5374944557064
681,376.81570073889594
682,349.65345493113773
683,289.2606267052575
684,332.627586637896
685,203.74504692364067
686,391.5665699816393
687,322.9648767962336
688,272.7936900901844
689,318.125802214089
690,232.23944154930336
691,306.4842520529261
692,205.01026398518874
693,465.1640155869263
694,253.3180267033637
695,335.77459229416667
696,313.98858411097444
697,285.03030271978486
698,209.86170421149637
699,311.99033049914226
700,268.4628154110152
701,295.80831628258
702,265.04585540419157
703,282.26873751243517
704,389.350028095841
705,272.83701606627517
706,426.44178619160084
707,205.77949351756092
708,215.19653589797545
709,156.9880072217972
710,236.54259686122361
711,339.5365511461373
712,275.3977056888837
713,321.7550372993015
714,175.73870293889976
715,244.0291361579538
716,452.63357667850187
717,321.29866308409424
718,195.45322981416226
719,266.40135707328454
720,129.04138525639752
721,402.2837602392754
722,319.78649925617816
723,292.19184203832793
724,316.8579532573514
725,291.04086641352296
726,417.0925799289387
727,320.12082084945837
728,306.3178790775316
729,568.7579140603552
730,321.675627091794
731,265.6492377790485
733,100.25393326030007
734,359.8793744697534
735,310.35897081242246
736,306.8633088061349
737,180.75459538967448
738,267.6841576012959
740,269.59682273558565
741,292.0454904616942
742,279.1924125523082
743,338.1497689211545
744,158.11768373649284
745,147.56938900341947
746,291.5078888575429
747,145.6369624459071
748,287.73030400207574
749,259.3213100945113
750,162.23257032689622
751,96.27493743251966
752,202.88124112666753
753,233.94798393932606
754,444.65750882219874
755,385.00500040593073
756,183.26752072069513
757,195.79678500828436
758,251.50147053683102
759,184.1568416988851
760,171.48713247838975
761,352.68678226289546
762,252.00156647299707
764,221.72420125133516
765,369.6495400510821
766,249.97147786221473
767,180.98202926961267
768,352.4276997594972
769,515.230754734575
770,262.4952702967143
771,302.9751985289022
772,322.19672319016786
773,191.08552055172348
774,216.99471350959527
775,197.22362296396727
776,377.824246872934
777,313.2515275887243
778,238.07604310727433
779,347.37134974701763
780,421.7581936348053
781,215.89266627028832
782,269.9343661205878
783,540.2059419501315
784,233.07993013788763
785,317.4458283356837
786,196.06236083632388
787,224.5763411463723
788,228.5955696745169
789,216.69430394360515
790,285.0865257392367
791,217.89946090423496
792,315.28945588092694
793,288.086372916972
794,362.5756613162411
795,270.0230687988101
796,178.1369030489074
797,243.64637444775516
798,257.7551603944525
799,258.0801420879172
800,267.51418161393883
801,275.01129364433257
802,253.32222308990112
803,402.2778793478237
804,382.32635198133886
805,190.00365000608403
806,338.02488600694437
807,241.22675964726653
808,240.3203454378787
809,213.88849945840434
810,326.72097879039995
811,213.8265306594608
812,305.6896982424887
813,288.74562463771144
814,227.0317181132322
815,263.16193677627194
816,212.54959434031565
817,248.85746757050364
818,268.9138742588413
819,164.07964164769652
820,253.99887899731962
821,288.1446260960259
822,345.7648712142858
823,296.0142133290583
824,335.56433323805743
825,266.2866251689299
826,273.88629456158606
827,225.23759821173383
828,192.55518728893153
829,252.085036421614
830,219.50435751459096
831,204.6237141283076
832,236.65813974092237
833,379.05322121973614
834,199.64470757221738
835,274.42109047173085
836,277.78490915759943
837,278.8540453430131
838,346.5768464039377
839,252.31099641249725
840,401.2618482270731
841,313.3992687922207
842,487.6484859602224
843,287.22602289044056
844,305.020814871852
845,343.7132080728226
846,388.68159036335464
847,292.0132744263732
848,273.9836695338243
849,396.5236956844314
850,529.8009635110625
851,215.69524570043404
852,323.26900869443426
853,246.09521935030276
854,48.569661606492446
855,245.6499398455634
856,299.7794032354555
857,341.4765891609493
858,290.315122541154
859,286.6949986756418
860,253.963750028017
861,177.38110334107037
862,280.32844961713715
863,268.56098735905374
864,353.90974880556905
865,331.6073094037644
866,273.0916408263316
867,224.3397947196445
868,319.7849014836861
869,146.6974641570674
870,237.64150776152763
871,155.4993002753678
872,232.87942811149597
873,287.010553130887
874,403.25326318354615
875,332.5046533118859
876,274.6022095954604
878,321.13269790981127
879,349.4988124470349
880,251.774196383173
881,251.02521124117334
882,235.40309782019054
883,248.653256611563
884,274.26662426769644
885,274.1506417440874
886,249.04936508220223
887,238.1948072738267
888,295.86586181998985
889,461.8692273325645
890,453.2637280982633
891,332.31674656410223
892,261.4503646528886
893,142.79044447576248
894,269.7218106086088
895,208.10365609864
896,299.3575505060005
897,321.13475442657943
898,343.3187167520302
899,264.6882493201553
900,268.919762586562
901,253.2451422710288
902,308.8809470896637
903,323.54094556786157
904,302.81457256749803
905,289.9982608351597
906,218.71285886387977
907,256.74862140621093
908,203.24317052214798
909,596.8000188855281
910,331.12154391470517
911,196.60251894549265
912,262.4770470938945
913,275.70483261082035
914,353.52213264312866
915,360.6250410774039
916,204.70994855167828
917,195.49028985446301
918,273.86913777767194
919,287.478031548658
920,203.2071828469572
921,240.931290974665
922,228.50374880134856
923,351.0531279068864
924,85.04884343249553
925,293.321615887134
926,225.49816299865324
927,260.7917381259
928,414.32746771974826
929,279.4316946257164
930,269.5553091307996
931,210.26055789286636
932,234.34511532914547
933,343.49063842960004
934,217.66377822321542
935,334.30343891156457
936,256.3029637507956
937,182.39528013232817
939,319.6709411877545
940,251.7613742744682
941,276.7885493212164
942,322.97202334612564
943,224.91602880587425
944,241.57785347088543
945,223.34560884392528
946,324.1546022163999
947,276.3637174392447
948,454.0813877619437
949,312.8456783130088
950,270.70386938002576
951,247.31334449371332
952,374.37252865358255
953,305.9050043274473
954,214.22742250704988
955,247.25750433754413
956,250.94971185507111
957,173.30189602902328
958,214.60098684743093
959,439.0165241893792
960,332.65481157796876
961,242.06400095245164
962,218.45234524743358
963,311.0138249310528
964,291.4985995058639
965,332.2552140306057
966,260.8151405764385
967,263.08984313462713
968,278.9254791615113
969,283.93859094315076
970,263.2278081683042
971,208.21700641840607
972,227.56602428022194
973,310.84863187816933
974,382.1072926446639
975,328.17742941296444
976,268.0461178339376
977,324.696886308046
978,520.3080365668447
979,225.2392692828426
980,255.18840659826486
981,409.122223979248
982,335.826609010764
983,263.96872678725106
984,309.8035784805495
985,326.2647677814843
986,271.98307097530676
987,359.25240526529393
988,360.447682864492
989,272.85821354598943
990,279.854984889703
991,304.56016230523977
992,268.6286070230652
993,128.26412306382167
994,329.9548318387663
995,314.63777903585856
996,559.344471866374
997,166.96145242171792
998,266.5768205946616
999,312.320411701304
1000,355.28026821384833
1001,243.24626272932636
1002,175.43035859262858
1003,205.23579583549295
1004,283.38037399802437
1005,264.333844741946
1006,295.0870822750541
1007,206.85320974541548
1008,239.22075772957913
1009,322.0662775808431
1010,242.77836300561196
1011,207.06071183228596
1012,194.42857582788724
1013,301.4995525153689
1014,288.9918456097691
1015,270.4197781697578
1016,253.4557113566416
1017,246.7033757853968
1018,256.661732263802
1019,144.72749588561783
1020,341.5906704279339
1021,336.3840447202414
1022,371.87020117857094
1023,179.86110569801804
1024,179.27242273487354
1025,239.4168532969953
1026,293.1718086075598
1027,260.05182783647257
1028,306.85044731141056
1029,262.95577552425107
1030,219.8879742030287
1031,213.22228735213204
1032,143.40991986654043
1033,190.24767161724154
1034,170.48288518398712
1035,190.15780637400363
1036,212.24650149365823
1037,266.74894031782185
1038,200.36917647727282
1039,225.9103073565161
1040,306.9376714430732
1041,212.37230567162865
1042,234.7795073392722
1043,179.32731186515338
1044,362.53081440936506
1045,256.017809227217
1046,302.1418219066514
1047,353.5444927845392
1048,297.127696661055
1049,292.81366798019315
1050,248.16722384426612
1051,226.16822070095827
1052,330.40332011272386
1053,360.27525324882936
1054,241.45891921196502
1055,311.86560826323574
1056,225.19822678287272
1057,194.97374250195648
1058,237.15459662212083
1059,206.9769769299555
1060,304.13524978328894
1061,164.18378818182296
1062,361.35077749943144
1064,206.38051771801315
1065,197.1024399623828
1066,199.95879520465238
1067,304.4630634624704
1068,208.748254736482
1069,267.5838915665029
1070,267.7491033656348
1071,255.56095678447613
1072,218.13180365911575
1073,262.21590683341475
1074,357.55891920902894
1075,263.4014471928925
1076,325.25174903380287
1077,207.40106870234226
1078,160.91479237633828
1079,105.78010126795608
1080,229.89039464387815
1081,185.00296391383506
1082,231.7922395306972
1083,300.93528415154975
1084,115.02620278220752
1085,124.95276028853482
1086,290.0240180962019
1087,219.90777716759538
1088,630.4487923043941
1089,409.5503104756191
1090,298.67969317517174
1091,188.08233783972085
1092,284.43839263430357
1093,229.3628968235646
1094,294.3106841862228
1095,279.25509922387766
1096,252.35473018572216
1097,320.9819084492874
1098,203.59941111457726
1099,283.4018848056321
1100,95.14692949573008
1101,249.5206376470492
1102,236.1999701826818
1103,143.0106320230144
1104,218.57878875022564
1105,149.98254288294038
1106,300.0821076696975
1107,100.96290534234095
1108,359.6077411060594
1109,210.54598304257547
1110,291.58656650905476
1111,230.54059154020194
1112,137.3433603887253
1113,303.14527163059523
1114,331.37971363555016
1115,253.76726976358427
1116,223.09036271928707
1117,284.20411339679765
1118,250.72860237246618
1119,245.66030946820212
1120,129.5576558222252
1121,295.7589274975978
1122,221.6413697464306
1123,157.46075888635974
1124,182.83518618371264
1125,295.1957661215037
1126,511.93343582469015
1127,165.35356292867937
1128,324.48849409216064
1129,177.84972744661286
1130,193.9929765423198
1131,268.44166286392436
1132,173.14845087318236
1133,158.53289290044813
1134,362.430050380892
1135,291.66643812999456
1136,177.23204983473397
1137,226.3110511508437
1138,282.95829310967747
1139,321.4265894221557
1140,213.18404593843627
1141,127.28220892180852
1142,266.06710513591406
1143,345.29194874336116
1144,279.3051343402062
1145,247.20442055363355
1146,185.68813349461357
1147,187.12935535533566
1148,152.91129553903102
1149,195.34719716314623
1150,291.6291825799189
1151,269.59100667143537
1152,281.1523585266702
1153,191.67587258396884
1154,333.30237508729635
1155,278.78781094761734
1156,163.14339452117457
1157,326.9669003404433
1158,120.31523524341537
1159,272.5340169015943
1160,173.1826849769429
1161,265.6638610556347
1162,289.89632019417195
1163,221.70040257497624
1164,181.21428868763718
1165,131.28157289739738
1166,236.33948782237627
1167,197.4267545255303
1168,238.70672237726995
1169,244.21575942791645
1170,200.77511451457048
1171,156.41555741312158
1172,271.58800452778667
1173,202.6289368326685
1174,199.2573743886812
1175,260.1225227226737
1176,192.23479046936237
1177,325.69663173321607
1178,257.20715932735664
1179,139.2637582677472
1180,249.4814110943053
1181,119.52909868953111
1182,178.5710132272714
1183,341.4428580255883
1184,221.012205736969
1185,357.0000566403332
1186,352.8913748469839
1187,235.62563316642567
1188,199.1900101401826
1189,321.0594070166037
1190,179.80528731204444
1191,226.6497827129793
1192,48.22953876350402
1193,266.5763691990012
1194,241.57808737920323
1195,232.68404856502104
1196,252.06477174081684
1198,288.0472215058499
1199,522.881530094412
1200,100.75460166521987
1201,305.2389871390503
1202,222.85468314602463
1203,329.9655754056171
1204,291.993905689061
1205,189.54915337250895
1206,99.95018803395624
1207,207.33736892991902
1208,243.88989966933423
1209,224.61027874263016
1210,188.32500410169405
1211,183.79694644543855
1212,252.95476201512724
1213,270.05358984740343
1214,152.34858997774631
1215,261.8170611954602
1216,290.70836706906783
1217,233.29953284945083
1218,322.6362856448618
1219,204.03419629907253
1220,339.28620518997786
1221,216.3424984665438
1222,306.0668844597744
1223,266.6764460413366
1224,176.8551039871652
1225,169.36037058491695
1226,270.2195688038776
1227,249.974616204675
1228,235.09904808879168
1229,294.0178074735901
1230,261.079228394972
1231,180.96195095962196
1232,305.3546744826891
1233,329.25166012054876
1235,258.18645042427823
1236,151.68073862852552
1237,247.0784739238254
1238,189.98523891759947
1239,191.3577378743032
1240,195.7418737925321
1241,241.68095824182706
1242,180.91208694707356
1243,209.01747084069257
1244,296.7799862652551
1245,192.57714018234242
1246,380.531034216049
1247,215.56764991405674
1248,525.1624244356876
1249,508.30822920860726
1250,180.75587601632682
1251,210.58607912658294
1252,94.15350141441263
1253,212.04195609223754
1254,453.3831310678431
1255,250.94217267872432
1256,442.9068268876719
1257,155.73850399014816
1258,160.5092265330426
1259,170.30064151737574
1260,234.28966800388008
1261,313.0827343550243
1262,380.51124003867176
1263,298.1868612687474
1264,207.43898825988344
1265,161.64491728309667
1266,230.64170979595102
1267,279.44365396688585
1268,141.50140644134137
1269,220.44470835065022
1270,297.64426642158503
1271,263.8730559425364
1272,172.27476252507896
1273,369.19447771499665
1274,201.0916049827274
1275,274.0578018405581
1276,185.65027513513678
1277,364.57635853842476
1278,235.9525827534952
1279,259.52406398375797
1280,205.86701708896976
1281,359.6027161476205
1282,224.19295855268706
1283,199.34650999996424
1284,180.3477802551804
1285,341.0316828153092
1286,238.444403736597
1287,164.08719917075302
1288,296.6435208919051
1289,289.95745515800684
1290,109.29046280850388
1291,307.4055983744903
1292,149.2239325558362
1293,244.30139841837587
1294,190.138936925828
1295,103.02588725092892
1296,232.53369432541027
1297,214.7341147416173
1298,267.8510540647733
1299,148.96622304683478
1300,318.18410144827504
1301,252.3967319440328
1302,238.16057824784153
1304,243.17511792658593
1305,274.8078413347271
1306,202.33601992296795
1307,360.6425940980157
1308,213.88321368279503
1309,338.78017537621935
1310,415.638147519943
1311,231.4280893451107
1312,205.63504591887104
1313,228.4868864695609
1314,236.25057073549237
1315,300.1797310549214
1316,329.3248604300913
1317,71.41938268381864
1318,228.0174448146181
1319,159.19050630558718
1320,419.3950055137704
1321,270.32325471910775
1323,185.80265112415202
1324,228.0954860076687
1325,385.7745219631331
1326,165.45240673804437
1327,191.15985559213155
1328,268.03013587701645
1329,227.13606403733132
1330,267.7559174551781
1331,262.32850346379155
1332,269.7953909929544
1333,113.16670777871893
1334,214.03093004602601
1335,217.30255788373847
1336,230.43719363299448
1339,235.654294717202
1340,234.26365113600605
1341,282.2760591889852
1342,282.6811274313823
1343,181.02646861975686
1344,190.82357561029812
1345,328.47262579361177
1346,143.2729919609771
1347,238.96992624716302
1348,274.5674227855355
1349,350.71895943817566
1350,232.41664465922497
1351,77.71131448684946
1352,225.9461058042885
1353,258.1661621164699
1354,141.68188362981613
1355,190.70886578441863
1357,309.4403665859677
1358,270.84956069435304
1359,452.27746141814214
1360,226.33914134279144
1361,278.3063315247886
1362,326.0561762618142
1363,247.95717948202264
1364,220.75235351622908
1365,177.61609917282084
1366,155.350958033358
1368,252.86438103794688
1369,271.09402379542956
1370,220.52028571067967
1371,189.1914683478251
1372,299.62790178026495
1373,305.47317153780085
1374,336.4195068710137
1375,163.38971506543135
1376,152.0775995844862
1377,218.23666465040145
1378,152.43366980887345
1379,196.02081158296355
1380,253.28502773357587
1381,169.13132548584713
1382,189.96177654634425
1383,397.2806273817055
1384,412.8647116827053
1385,274.40709734295115
1386,420.1592148619984
1387,268.49234031416097
1388,362.9829636029921
1389,385.5731465909532
1390,260.7011149050372
1391,110.07549581847502
1392,328.7500766406695
1393,147.45066343899498
1394,138.3822716755711
1395,215.0398278686715
1396,224.11130401229116
1397,369.71706429150936
1398,218.8347838874396
1399,232.3147741462772
1400,214.63771773788275
1401,126.04676237790312
1402,194.3893368116324
1403,326.24331206070775
1404,305.8152563284528
1406,238.5762494336706
1407,216.18315240728643
1408,317.65074267506805
1409,181.26170054438808
1410,237.93237232638785
1411,19.68942374514154
1412,190.87010193809223
1413,318.87349479706484
1414,249.2530163441802
1415,424.06468574360866
1416,323.7150150826815
1417,200.90243362218158
1418,140.5011115609791
1419,151.21874510557564
1420,257.5060183802231
1421,223.39038962560957
1422,197.10768988230376
1423,308.5213395924796
1424,218.8599414670358
1425,359.1635762958562
1426,280.5739116544162
1427,254.5358901653408
1428,145.67101506957988
1430,238.64235753113246
1431,164.25373294574004
1432,236.6348266343099
1433,219.41532952660788
1434,270.41653794981045
1435,216.51208423305525
1436,390.87490034473063
1437,238.98854873484868
1438,95.45033904390266
1439,283.25693553473
1440,318.31093331084554
1441,59.085301997324564
1442,141.59842109856186
1443,207.71673016247237
1444,155.86192047825193
1445,242.3885997410292
1446,178.10582358203544
1447,110.5059103269698
1448,228.48680778788153
1449,286.1691111486893
1450,92.08127831463662
1451,248.29150837914528
1452,251.68035708312755
1453,99.96851097150905
1454,339.70393351673897
1455,297.22758432692757
1456,177.60876208459354
1457,237.62364117402524
1458,256.1433923182293
1459,102.04048193174913
1460,204.836422280826
1461,138.41662028684232
1462,211.84851535800817
1463,202.79039816046526
1464,101.59628932484202
1465,295.4160936603803
1466,301.8618781281903
1467,197.90537118961805
1468,421.6187630618465
1469,245.80256929226448
1470,320.2851142117046
1471,208.36808714086965
1472,264.0156260330848
1473,158.53508009957102
1474,198.5893929814932
1475,260.23604546495136
1476,306.1103282201018
1477,175.5493626989363
1478,280.7055136346364
1479,187.6287838674716
1480,198.271353150058
1481,232.5017711010007
1482,79.86828798399347
1483,249.1115692554033
1484,106.03167856303388
1485,345.75856435791115
1486,192.9656830140275
1487,83.08917627748724
1488,247.63784346905868
1489,222.05151534265102
1490,177.24195284069822
1491,247.57961079537714
1492,146.36754735622102
1493,329.2679002508524
1494,219.76128920158624
1495,325.0218291421695
1496,304.44836431561407
1498,304.67449881542916
1499,93.17092868202052
1500,346.25106841377396
1501,277.4613204062315
1502,318.31231012164494
1503,259.66657023919504
1504,215.3200743390011
1505,214.20080387842037
1506,166.44126949301707
1507,488.5650597690697
1508,250.98640863985005
1509,322.6885775089793
1510,409.4610708426412
1511,94.20989453280208
1512,212.2146062978349
1514,349.32247108251386
1515,156.18225652629826
1516,279.1300435471933
1517,173.36759456546952
1518,190.8702867367051
1519,202.06836338989774
1520,287.38886398693694
1521,216.74206257411657
1522,264.16736203139607
1523,223.1320293776615
1524,-6.41780676914459
1525,551.759558148718
1526,303.3390162749812
1527,305.52490278689874
1528,358.5306805730682
1529,397.11898622880904
1530,278.72524420445393
1531,343.8602970285051
1532,256.3164989978557
1533,218.0803033689233
1534,322.84873512003344
1535,217.84346796148225
1536,196.40598329602344
1537,174.2320450660443
1538,250.57568904403172
1539,216.12187048087503
1540,328.51328187757497
1541,172.95278677475403
1542,416.4596853611606
1543,187.8137489968573
1544,133.2267322458306
1545,221.26087046251473
1546,232.07281223972757
1547,207.19344568958616
1548,420.82366303907986
1549,220.55398246064684
1550,244.73544273443625
1551,192.64292474737277
1552,279.87030554136277
1553,318.8003514011084
1554,130.6016977393242
1555,282.41163432143526
1557,213.31313606190088
1558,308.35149136532226
1559,262.83770295579257
1560,83.96726318939795
1561,272.9143306773325
1562,268.3256348895826
1563,366.8884808272008
1564,134.36294489581314
1565,179.6083637307447
1566,173.4389973918713
1567,260.9829844708159
1568,387.2796092651331
1569,351.7969277566277
1570,208.16119630884418
1571,144.50713315716894
1572,281.0837452793876
1573,248.6999401427485
1575,334.957647262187
1576,260.8024482831422
1577,297.38482105797016
1579,320.72140119243073
1580,173.6774443549259
1581,320.61628457928606
1582,197.23289597342333
1583,289.1741276532032
1584,130.8256368959837
1585,208.72114475295893
1586,339.39911787409415
1587,244.38959095473425
1588,343.69005639521174
1589,342.60129050854925
1590,215.23431734953374
1591,294.7037799542027
1592,186.99424301311925
1593,328.79678162040545
1594,254.20612866931015
1595,227.53976894634633
1596,208.55483765509553
1597,241.61613047911715
1598,139.0458526757227
1599,230.07641029784023
1600,303.4741960506972
1601,228.1418991217198
1602,356.15654837431794
1603,200.6540843602545
1604,341.0285332212625
1605,222.87301669207554
1606,225.05861452884074
1607,301.0271448935669
1608,271.3946808355487
1609,247.16235698082545
1610,274.3418083602401
1611,309.1420816549716
1612,233.39254479387978
1613,276.72799024824275
1614,331.9167058665434
1615,165.44112349592842
1616,346.43939644613437
1617,170.7742387816029
1618,270.4308714655997
1619,203.2810256699595
1620,270.16232191675886
1621,261.15720910428814
1622,328.3093387988939
1623,315.0920466151867
1624,266.8209429774911
1625,265.3678669723814
1626,287.95772795028876
1627,177.7831604133347
1628,57.21574067488974
1629,265.2271476059259
1630,348.0201196939618
1631,284.0237169238124
1632,241.70036337397892
1633,254.38498708606997
1634,270.8968475062631
1635,267.144016134828
1636,98.30993501135777
1637,103.43023888075368
1638,203.43648050256314
1639,238.48099694825635
1640,264.8882764297672
1641,172.07521912633274
1642,254.5990538008591
1644,380.37206875637685
1645,290.545010635052
1646,515.9524819082008
1647,377.5495417081149
1648,116.81628094970779
1649,138.47498662748876
1650,186.15171763226311
1651,322.4782352194762
1652,226.55096168311943
1653,241.02191951507848
1654,295.26212042240877
1655,283.41252392034477
1656,313.19767490662815
1657,278.60142754225427
1658,241.9502456403368
1659,271.2570505659046
1660,199.42454025657207
1661,188.816534947376
1662,302.20262199297395
1663,330.74205845180904
1664,232.12448570615618
1665,95.27196590619587
1666,181.00722484304367
1667,269.47373996816293
1668,289.1772315355428
1669,275.3910038461474
1670,350.8968336999997
1671,212.10699283921792
1672,260.91132154143173
1673,384.8800408520601
1674,190.53920314532763
1675,91.28175917986528
1676,207.63572002937113
1677,258.5078982973555
1678,215.90111385262745
1679,269.586817195604
1680,266.2250101076461
1681,206.28202665627
1682,236.26322022497925
1685,138.7266993551378
1686,336.8565663914876
1687,463.1394814447544
1688,287.44984985996336
1689,299.98826159580346
1690,247.69888331494195
1691,435.5219694863233
1692,160.77321345931318
1694,217.10353093875764
1695,307.43595461733344
1696,225.01679003282777
1697,275.4141926679504
1698,328.29763429683794
1699,359.56714885930205
1700,278.83991296826866
1701,291.18080195039016
1702,275.0749729153924
1703,237.1135376322648
1704,93.4704150948478
1705,178.99204225638107
1706,95.28627778248485
1708,284.1144548810802
1710,228.61868315656864
1711,266.4405906628434
1712,290.2954334546081
1713,204.8857445883109
1714,269.645230341225
1715,271.18511458251925
1716,258.13071176658934
1717,157.06632735976677
1718,169.6166357050687
1719,209.42744133899726
1720,315.4785912454719
1721,219.13945756232212
1723,128.69101749348874
1724,246.89679071206297
1725,349.5382608388577
1726,185.008792017086
1727,274.8467613739477
1728,290.5656774342124
1729,260.0808090578443
1730,211.52364505527908
1731,66.51849555448916
1733,180.7828418347979
1734,234.09464848340758
1735,139.81085257921814
1736,362.9691273756174
1737,216.4400792768506
1738,265.7351535957133
1739,280.2256268763208
1740,243.05662925977092
1741,403.30876870054385
1742,228.30116378526785
1743,254.7082452146077
1744,128.40938834640883
1745,347.44821073961975
1746,239.49948725442985
1747,270.1130463269642
1748,430.2953491250669
1749,339.02915775022075
1750,263.07341987708827
1751,234.1294915690071
1752,196.54168821102667
1753,316.9090055533716
1754,51.20452154399641
1755,183.53808372499384
1756,148.482184448937
1757,197.95356762008453
1758,51.75545317405363
1759,293.65642689413863
1760,255.375567515876
1761,404.68617750146757
1762,154.24753966198978
1763,206.95402317964133
1764,75.7486869987697
1765,214.281681371996
1766,244.60581851849466
1767,99.35934103723366
1768,272.3357539277692
1769,277.02266068825384
1770,162.97254021185864
1771,219.9333852395049
1772,129.9716546002513
1773,284.8205978910047
1774,312.88134921443503
1775,161.8357301402075
1776,349.6839572097192
1777,215.8866835861836
1778,287.5088741565582
1779,232.6877233505539
1780,298.56371066091697
1782,315.19960549803363
1783,55.84400463608199
1784,114.79957358343893
1785,200.717291439786
1786,405.23844722399224
1787,244.22423969061947
1788,233.98217810764194
1789,207.2706694389481
1790,281.0741793415878
1791,144.90590570767276
1792,191.02321047957264
1794,214.41384397983796
1795,214.7512888092997
1796,217.05165419503487
1797,283.3373808251473
1798,444.0355238201994
1799,299.5763823875758
1800,504.3030517850116
1801,259.706683525432
1802,173.08470208452127
1803,143.1631941178905
1804,173.13213932948793
1805,498.7313727653104
1806,190.4415521415874
1807,347.80922267375985
1808,296.50256705301354
1809,113.96667306698056
1810,221.13197700681158
1811,132.6015345777662
1812,173.13587689730352
1813,324.67900734223065
1814,126.89185701946236
1815,202.79229118991043
1816,154.2849493692097
1817,158.82506600875263
1818,228.68569367474552
1819,297.0753047438054
1820,302.87130443110664
1821,344.7298407977161
1822,198.2777485521396
1823,271.6048041474235
1824,99.22346701918939
1825,290.6415674672469
1826,340.94306917774617
1827,223.76264456236777
1828,114.93711426644744
1829,285.5088253243681
1830,27.235414661560757
1831,293.7455881089117
1832,215.99613840598806
1833,118.77380295813828
1834,266.69751844190483
1835,197.60370129092746
1836,313.9291147670995
1837,191.86559766637447
1838,169.25070077709256
1839,315.98395070762035
1840,101.48714509901583
1841,222.27867550911208
1842,330.3289808255738
1843,417.1500011532862
1845,257.07552306936805
1846,113.46793357922775
1847,293.24211316362596
1848,237.46742405734585
1849,181.46889111939504
1850,330.0696278099135
1851,293.31277203467783
1852,133.72974740004034
1853,352.3067306075555
1854,254.3961979327546
1855,81.10184110065347
1856,178.3363758389857
1857,266.2092274325021
1858,192.9868205840095
1859,103.09740118812306
1860,230.07199834416065
1861,182.39819841528447
1862,351.5499531252537
1863,229.92741530516318
1864,319.9875589903306
1865,259.3554273790439
1866,308.1013428278497
1867,264.0867961666813
1870,303.11202124221563
1871,182.95281903490687
1872,240.65639857646602
1873,408.1115526564374
1874,179.92503436343168
1875,202.70303710082922
1878,234.9385140325204
1879,94.74466444374548
1880,210.3700470843828
1881,181.92559307515816
1882,102.45315552193267
1883,252.2292554153712
1884,444.2291796723707
1885,296.0817260695262
1886,117.06266615240976
1887,208.85450566044176
1888,174.3630339158758
1889,219.1896174349364
1890,203.92385968718108
1891,242.58094038882234
1892,185.63541819963461
1893,174.9274482264194
1895,187.7485562380974
1896,200.40086405272874
1897,81.5711989311717
1899,158.5484439954017
1900,180.9938650899193
1901,245.12108137633015
1902,232.1825466285345
1904,161.52998704079937
1905,554.3023009624139
1906,182.80657608909212
1907,294.91154171164663
1908,195.89327957521937
1909,115.921456490501
1910,331.8902079404432
1911,234.40462155673424
1912,200.1359620681846
1913,319.9676792570276
1914,311.8967216897104
1915,346.8545560325843
1916,227.64175471486047
1918,174.08221926460942
1919,187.54963178547368
1920,103.00636219714444
1921,307.14378641139035
1922,272.6499769680936
1923,365.7714543258321
1924,244.16163020338155
1926,231.32407293303936
1927,391.0158630811035
1928,180.6014692551818
1929,184.42557740461396
1930,213.11013301179264
1931,145.20632895319477
1932,186.01255727570674
1933,167.76272483460855
1934,238.49475470470279
1935,282.9237761259727
1937,-73.04668453977365
1938,394.77994504039555
1939,238.63157123899686
1940,116.21230098125595
1941,145.52903414413663
1942,253.73340239406662
1943,170.25618489257886
1944,400.9287844651954
1945,193.95899241505413
1946,130.4864011081968
1947,174.24796184608442
1948,142.80439779386325
1949,234.20448275271747
1950,246.47282765868255
1951,212.82116936818545
1952,294.06974374810807
1953,330.7845886629443
1954,264.70839592932157
1956,184.21700786759396
1957,288.98811856895713
1958,264.45635243182346
1959,180.38132758177343
1960,230.9692087447451
1961,272.24742283789357
1962,175.93642562988742
1963,124.29179803407193
1964,302.4394633033576
1965,206.02452060418517
1966,502.1479812123735
1967,232.63987840563837
1969,287.57505896067147
1971,222.85737852621446
1972,84.40082497636892
1973,191.09345490510032
1974,49.90379856863092
1975,196.87769495212237
1976,244.44393987071436
1977,105.97075512441074
1978,335.1353617392553
1979,147.55971811725794
1980,153.21885475686918
1981,262.02441357870725
1982,298.8676262039738
1983,281.2029642531313
1984,230.53636897834926
1985,249.2224991445505
1986,312.0299661322005
1987,200.07040135107877
1988,196.45449490972442
1989,197.23873859615605
1990,186.9226281207451
1991,411.18819972002206
1992,279.23936851517146
1993,357.967366602695
1994,388.4853022954587
1995,228.2454562967964
1996,157.77882081090434
1997,229.83647439135802
1998,128.60517464851137
1999,174.1018029430574
2000,280.6706290835142
2001,198.54453685945143
2002,233.5422197819869
2003,172.80836671344736
2004,170.01617389670264
2005,228.31236410383207
2006,287.244707759246
2007,345.221746066522
2008,257.4189155897096
2009,267.1756407035191
2010,322.46634845147213
2011,265.1791865813434
2012,264.7334009274626
2013,238.12723389885969
2015,339.25000898225494
2016,187.59987055468582
2017,432.7572728434084
2018,220.28336291407504
2019,200.0504708029595
2020,391.23462546485064
2021,324.8327768230986
2022,79.33144191303927
2024,295.5172984990279
2025,223.95045342272124
2026,152.15020309884858
2027,236.525076717647
2028,353.68889858397233
2031,482.1607441523115
2032,217.1028271237295
2033,237.2847654162274
2034,271.4308121242781
2035,273.140050419144
2036,208.42562865029788
2037,167.16515134552176
2038,273.6291311979595
2039,311.6110066948387
2040,246.7282251851128
2041,152.30494044973057
2042,311.3748389036656
2043,142.899162697041
2044,243.1465453465056
2045,229.57753462918663
2046,311.9771749498832
2047,392.73682340940877
2048,424.73088032377603
2049,444.8625509811116
2050,94.22498900883102
2051,319.8272468687088
2052,115.73205388599663
2053,354.6603007515098
2054,261.4617423234143
2055,311.71540203331205
2056,184.86324821155392
2057,-6.453232009771455
2058,138.94044752675973
2059,325.22544690437263
2060,166.92954100574502
2061,367.938108022388
2062,297.7222877233867
2063,217.59464573658772
2064,260.30585935618114
2065,477.84842562243443
2066,315.79168844728514
2067,342.715927001346
2068,348.90494018711934
2069,132.58564860518413
2070,243.44672044197443
2072,459.30745593452457
2073,186.55016130419608
2074,191.2287919166797
2075,358.4577579085517
2076,272.54859941241443
2078,307.0355957488964
2079,205.04113902733806
2080,242.035727783541
2081,286.1646411984327
2082,200.5364560992639
2083,280.9335180148521
2084,155.81833814848233
2085,179.71345419203104
2086,250.8755552635167
2087,89.854829284483
2088,273.94105215572125
2089,376.1621277576376
2090,456.9532925105593
2091,242.8350028324695
2092,303.1264554076274
2093,78.36719941352567
2094,432.80312225646435
2095,277.18988602795844
2096,209.47477019316148
2097,272.7387730794806
2099,297.94121837773287
2100,227.2695847237688
2102,179.34006758493956
2103,213.95748187113395
2104,237.4408260884742
2105,194.74491641872987
2106,337.16386844621434
2107,225.6316384278839
2109,234.2716820232027
2110,107.59125720969769
2111,372.2655777869502
2112,-1.4710785700594895
2113,242.09862527928811
2114,303.48405900716176
2115,145.7933398143491
2117,258.98803746008707
2118,344.15427971084875
2119,187.50312449946296
2120,416.62392627758834
2121,321.08979041832333
2122,204.68566615917746
2124,103.854725994795
2125,235.3755342247664
2126,415.7384270629416
2127,235.7961043887334
2128,176.98157040355167
2130,258.3292977431846
2131,117.90999340895314
2132,101.82765331926656
2133,268.8141608110768
2134,198.20349737458955
2136,378.773316109859
2137,221.28781507794338
2138,101.28345407164488
2139,179.90849117619314
2140,223.5505907995307
2141,279.4034702126389
2142,238.24075713026647
2143,386.084179499152
2144,249.0438554084626
2146,128.04429546530127
2147,311.422984175618
2148,196.1533923814668
2149,194.81699672236513
2150,398.3952739332283
2151,169.40447760532592
2152,172.4701016638463
2154,229.96507906530647
2156,316.40481391565686
2157,250.3728562997081
2158,407.0343153421232
2159,334.60065508748824
2160,248.22742233947247
2161,216.61110320238626
2162,95.74976788716155
2163,240.11124099726254
2164,246.838484884845
2165,194.94191781862378
2166,124.82686267379222
2167,274.50724591805016
2168,427.2788731312828
2169,197.3239923022602
2170,242.21355986201675
2172,357.4237970655265
2173,171.9844943134676
2174,119.37220020227552
2175,171.7224806462276
2176,176.0610884071356
2177,63.75494113759305
2180,200.69222744175227
2181,268.52174712045036
2182,233.14443868965594
2183,128.87196846233087
2185,238.0510666704705
2186,364.8523475853288
2187,183.28546626376146
2188,387.4502549349295
2189,248.95079352855402
2190,311.0009278767657
2192,-21.475316886076143
2194,378.6379023511547
2195,375.8168437763754
2196,235.24358190375983
2197,295.6039944849172
2198,273.43455024614855
2199,163.14377218013033
2200,110.85062790408438
2201,266.86634681827053
2202,250.38383685128167
2203,100.85507245750296
2204,317.647071872757
2205,224.44426370637572
2206,230.97151021971118
2207,285.7505625500523
2208,229.44289651902469
2209,212.25794862034627
2210,358.193050688056
2211,191.43618816806284
2212,153.71209582695028
2213,100.95056780862001
2214,169.5330835574846
2216,207.7540199922372
2218,103.12321045100339
2219,186.91300688117497
2220,241.7828017490117
2221,290.85438750277854
2222,173.5745630824293
2223,283.8015146280827
2225,176.10913960740837
2227,254.7634024034608
2228,221.00118468349183
2229,347.62264229443144
2230,476.1205290367952
2231,198.8352455880172
2232,267.8863918098423
2235,397.5757407372821
2236,326.18416425751076
2237,192.3346858255377
2238,120.650533523852
2239,67.16004472151917
2240,544.1925994611524
2241,263.6701961778591
2242,332.8884777474682
2243,192.89449167991472
2244,352.7112089323823
2246,228.54158085057665
2247,206.85138886296738
2248,298.10157140152904
2249,298.0702356275977
2250,248.3979888198183
2251,265.4242788728858
2252,211.39154589376525
2253,359.26665637596534
2254,91.86165851729152
2255,120.65989588784396
2256,220.14263688165997
2257,308.6097791735028
2258,218.38328526476508
2259,391.0496932491426
2260,109.4985272199374
2261,321.53299597851634
2262,362.68063642949505
2263,441.3675241049496
2264,252.68138632157257
2265,384.98246666902196
2266,265.44150451735817
2267,66.37136567648622
2269,224.99321314858528
2270,207.5023299810717
2271,287.45638507956653
2272,148.0370017935643
2273,255.5441446361441
2275,275.17046324864083
2276,301.5086397304592
2279,273.20394493488965
2280,304.4606857618397
2281,298.5179904452075
2282,159.35130796335716
2283,256.2642481969483
2284,170.43790848159892
2286,187.16428781831806
2287,249.43714572147545
2288,253.81146892993024
2289,155.32537689001978
2290,157.6499968590374
2291,328.37103541254487
2292,129.0708769554626
2293,296.4110566788304
2294,176.39995684992022
2296,337.0480206911709
2298,290.6249776701311
2299,308.5050091612761
2300,271.16892923340504
2301,183.9924115500712
2302,321.6464921394504
2303,75.35401752063854
2304,68.88170687686943
2305,239.9414444171025
2306,235.51232796939428
2307,174.2586302703785
2308,180.856738411525
2309,234.33180731228995
2310,221.78545385610997
2313,226.08090347405056
2315,190.11050972336216
2317,238.06409537820355
2319,193.7372477821625
2320,183.4146501321992
2321,183.5587405026322
2322,188.72165205098705
2323,186.030219303771
2324,260.6026619396857
2325,146.21007095781295
2326,220.4320343704935
2327,180.40061574896677
2328,296.72708620012463
2329,202.47305972234562
2330,219.57279367349255
2331,309.70276927724115
2332,270.40341757386113
2333,293.0725998269953
2334,97.24832019060045
2335,195.50348533997067
2336,412.6428413026046
2337,300.4583129425133
2338,224.31275103465762
2339,251.99789522557361
2340,140.4910988445904
2341,258.2623482747649
2342,355.4055249926489
2343,180.6534878547875
2344,117.98750745125972
2346,394.0722236110382
2347,213.01986945325257
2348,237.5531091808307
2349,217.56325091210056
2350,101.086513485252
2351,281.535704908411
2352,190.81680506736552
2353,287.5434939575711
2354,507.2130793246233
2355,253.52653454904802
2356,216.9498636016325
2358,237.16558294175425
2359,407.8499291874653
2360,211.97052158541402
2361,123.30217688739548
2362,209.80348709576083
2363,303.60571997021793
2365,231.38002939550063
2366,205.42064916530717
2367,295.6387357854828
2368,311.23353669499005
2369,228.64816540903132
2370,234.87284338159589
2371,250.6835528230099
2372,230.2038917158743
2373,178.61514544986494
2375,260.9588891963892
2376,52.5304976843031
2377,163.95434090929393
2378,241.2021656712728
2379,233.87199613149454
2380,325.92664252111473
2382,244.83578729595277
2383,228.9640156923806
2384,289.74411392103485
2385,288.06500614682795
2386,167.21064714938007
2387,245.80818719968056
2388,270.40926721933914
2389,115.78194863937006
2391,391.9503341746733
2392,249.59834265006657
2393,207.7989455154192
2394,145.1698492713076
2395,289.4612969419103
2396,470.07179276085503
2397,294.1014089622472
2398,311.22668576585255
2399,188.34288225478304
2400,119.33468667803936
2401,82.7963910484159
2402,311.6880890055513
2404,224.35288798360875
2405,213.84105362435048
2406,244.45667966934684
2407,291.430594702232
2408,291.1573439867472
2409,212.0548099555508
2410,333.2420782985814
2411,258.81479298444924
2412,301.3814906990152
2413,231.65588184520198
2414,156.84698062936968
2416,286.1655400969128
2417,485.6135703911869
2418,259.42008531500665
2419,199.49170026453447
2421,298.77200767588073
2423,365.3460527111374
2424,345.4897796343129
2425,315.05619207782684
2426,343.2341476013287
2427,183.4947227502132
2428,89.03421082633544
2429,227.38056590180335
2430,242.8178774486678
2431,173.69207832296274
2432,438.00177176908574
2433,231.5026206790235
2434,258.0201171834158
2435,336.5442539829597
2437,332.8001472524574
2438,224.75433773492333
2439,261.77207850536115
2440,237.3754143439388
2441,272.8481265600708
2443,280.57624646881374
2444,317.13052061478885
2446,325.0360125558079
2447,76.66214401701473
2448,362.7697750736811
2449,194.53252390315083
2450,140.8623669856247
2452,318.1084830647917
2453,296.38532943068776
2454,252.97772400773175
2455,373.5506492905715
2456,291.42941232632256
2457,262.99247807720144
2458,184.17338232540183
2459,157.64277294066505
2460,310.35946113323354
2462,219.94415183808565
2463,181.4051753420631
2464,300.9374167942927
2465,267.18472248586164
2466,385.8955513330669
2467,210.91707002034005
2468,222.95811192924518
2469,277.3625105133454
2470,125.49105674452358
2471,288.1303812820338
2472,245.8775266228265
2473,348.9999320178112
2474,257.62142561166286
2475,145.66212991506404
2476,174.65707218728903
2477,540.3654499083484
2478,126.61408646445942
2479,279.1510807604134
2481,347.53036910693623
2482,166.1937462127014
2483,208.96297449309168
2484,217.2580326268437
2485,284.7133406688519
2486,445.5051827865649
2487,248.06669595580206
2488,386.57249983812636
2489,296.8387736251923
2490,295.56070650685524
2491,173.45926226984602
2492,291.1230909498362
2493,281.1901602377309
2494,265.501927653198
2495,180.90916046540087
2496,283.1284353734813
2497,401.77642584274577
2498,290.3600105631609
2499,214.9565836303432
2500,128.48239142726652
2501,300.21746794352595
2503,235.95965159146957
2504,138.51913297314195
2505,274.18621316813204
2506,125.49878306875644
2507,333.0027927528488
2508,284.76420853389527
2509,301.74474295749906
2510,340.7542879693518
2512,271.1110651908886
2513,268.0221423540586
2515,262.0120766625974
2516,188.84125817358625
2518,161.90914619550358
2519,236.48704242552915
2520,242.37625849999299
2521,138.73456052465417
2522,249.41406643967596
2523,345.1119365337659
2525,298.4439417483884
2526,87.8926090831601
2528,313.3984765026976
2529,318.83031325477316
2530,198.73789116078265
2531,262.37691595991737
2532,174.57231573121032
2533,336.29761474185835
2534,410.083672391982
2535,274.6949343506321
2536,124.11380829812832
2537,72.02741391166364
2538,258.86807773581904
2539,283.3663305910342
2540,393.31828260727366
2542,252.1038602161035
2545,138.47527909818564
2546,105.28994741368228
2547,301.17280483527816
2548,242.04024674742118
2549,300.0368776964135
2551,357.1849459791453
2552,332.4599089361916
2553,317.3159404174657
2555,360.640851585786
2556,372.5932891138639
2557,169.1617417206835
2558,266.00919447888305
2559,251.3562901454443
2560,244.54726647394534
2561,158.51957334364155
2562,289.6064791714893
2563,235.9600328114716
2565,199.83270441149438
2566,87.6427320829066
2567,381.5791817421271
2568,114.94373345814438
2570,51.23413987430786
2571,12.19213879963445
2572,216.6833591071013
2573,306.2721362991076
2575,188.242753036252
2576,220.48413501438426
2577,186.95402242989135
2579,150.171912964777
2580,295.89559729106014
2581,252.02076238857308
2582,327.8310388861985
2583,276.28546401036374
2584,199.32732844417563
2586,213.8818201023946
2587,195.87516775258246
2588,216.81155007803636
2589,181.34520944718187
2591,412.7375040830652
2592,262.172776858427
2593,296.67466867154826
2594,172.20078788375577
2595,254.30974176549913
2597,209.4846944031433
2598,254.42959934373584
2599,331.3458355148184
2600,164.63654920449912
2601,404.2462554136148
2603,282.40224960510125
2604,228.41779622060463
2605,171.64722935497025
2606,373.31877137336016
2607,265.20875595191217
2608,160.69034698219048
2609,70.96545628820195
2610,261.4660257394576
2611,228.0191308297267
2612,235.0193344007164
2613,223.265008423489
2614,181.1012337456741
2615,346.709125438804
2616,285.47908875754865
2617,249.74391187825677
2618,127.56182171041335
2619,377.0266183479457
2620,289.9281043186645
2621,204.80751308353942
2622,176.03102473255126
2623,309.83063497185424
2624,198.4910879478407
2625,300.9285005266049
2626,366.46827739077753
2628,488.7404110405555
2629,135.39991818448152
2630,108.82279958270306
2631,218.2238196198064
2632,244.80026391364177
2633,345.04405936501644
2634,393.911850934978
2635,405.3734664367057
2636,219.79009821441423
2637,147.65165875613138
2638,395.008009453534
2639,235.4472188971804
2643,403.5359136603236
2644,493.0626497078442
2645,324.47583792165165
2646,292.72731605940356
2647,303.56527365388575
2648,368.3542457943333
2649,273.53708492059127
2651,380.5057161932747
2652,188.15560546336792
2654,489.6572715941306
2655,213.21297497627396
2656,276.6517509514183
2657,150.30087312796877
2658,288.6122225399947
2659,283.1044474949288
2661,193.05901463981672
2662,252.79848160929055
2663,187.32703474184245
2664,250.86156505980784
2665,242.5362490148453
2667,46.18723750696381
2668,232.16140258870004
2669,367.07164914085536
2670,340.1218963421357
2671,221.01503842075513
2672,301.32958371220093
2673,317.80457804681873
2674,238.9447650279422
2675,319.9583607176854
2677,248.6035115658924
2678,245.21924326155465
2679,97.94182431815034
2680,272.56422922238346
2681,269.7085855395767
2682,162.4223658255884
2683,317.7489158100484
2684,333.13068416437886
2686,450.5091706727244
2687,219.15368069690203
2688,370.83955204829226
2689,237.9536487527648
2690,326.4806513374366
2691,151.34038719166756
2692,370.830184485327
2693,38.65634542780663
2694,308.10136065687004
2695,338.3903708382493
2696,292.53037389765893
2698,279.70130006491536
2699,256.4731045969193
2700,254.2695974223774
2701,270.4898758058738
2702,283.469239744735
2703,243.99294009274422
2704,334.5519204510952
2705,276.52697543067535
2706,356.21165880684737
2707,394.6733846150946
2710,461.7221034327372
2711,345.3805785742942
2712,171.10277718798898
2713,348.55307279276684
2714,201.0886500538113
2715,31.408440823223827
2716,291.2931776642508
2717,212.66380820457698
2718,91.1593358036971
2719,94.16914868256843
2720,59.05743188822908
2721,301.0593715014679
2722,301.1859509125693
2723,307.75258511747353
2724,182.3829874060816
2725,238.07556692457615
2726,240.28306039707067
2727,379.9461106780765
2728,289.67737426068027
2730,298.38043369195
2731,334.30032388778807
2732,81.87169387708764
2734,188.691978451429
2736,127.08398598683608
2738,117.8844585709178
2739,162.0498636683817
2740,314.1965075889616
2741,176.21312729905094
2742,366.3543767330039
2743,146.64814082282282
2744,290.16727263942795
2747,133.21324686283495
2750,210.91612098664245
2751,143.68353978232858
2752,203.77557546737887
2753,128.9864902536821
2754,180.94358917656064
2755,226.74571117156196
2757,328.60261436045704
2758,303.3603356862568
2760,83.8746166998626
2761,39.12662221515575
2762,104.78939531061928
2763,183.18324408007263
2764,306.8278274980703
2765,103.32879322873896
2767,403.7816575358349
2768,364.23493122429755
2769,157.14980140095759
2770,512.3355424000806
2771,309.6974698047822
2772,108.996776378503
2773,284.29491477692886
2774,373.1131674566243
2776,106.21936481989133
2777,299.8696127302281
2778,277.0710654323659
2779,303.7925875440535
2780,357.35850800929967
2782,77.8801228195739
2783,195.53203544753558
2784,192.56165834039484
2785,243.32497296286624
2787,285.02980369395596
2788,323.5286641859034
2790,246.3481519159045
2792,126.82484326335587
2793,210.93875720288906
2794,285.73242661346694
2796,229.34937862853712
2800,306.81907961801016
2802,380.16195962340686
2803,285.8086128217895
2806,380.7744579190969
2807,236.27173355011405
2808,201.35474263735023
2809,275.06448774083896
2810,239.94471321928157
2811,174.2697457893396
2813,166.1974421024156
2814,251.15210302961123
2817,257.85003311081164
2818,308.46851920569355
2820,446.2775981549082
2821,186.92591494249427
2822,153.56585438880182
2823,407.8047263564947
2824,220.22498196648226
2826,302.6825400449508
2827,289.1095495853121
2828,411.7239738736041
2829,369.4335330995841
2830,383.0807616041195
2831,199.04630997066818
2832,346.72060677446007
2834,191.63273942997785
2835,317.64180777884394
2837,403.6302870455695
2838,326.5291112429223
2839,289.09847510859834
2840,23.76084292575206
2841,327.23415632441674
2842,221.52703510568153
2843,229.9991978422593
2844,295.35153179964345
2845,323.4200171625821
2846,338.1937875450843
2847,121.76741430505376
2849,155.34730181441623
2850,211.1559615490265
2852,177.70561121012213
2853,213.82608752875376
2854,209.143125255654
2856,245.6996620479299
2859,414.6683764988748
2860,272.4060525385461
2861,350.69768960429565
2862,280.02010004608564
2863,222.2680385951527
2865,280.11305294738224
2867,371.6133693103908
2868,261.6728593537596
2869,229.36916684245895
2870,290.60104010063145
2871,289.27697513592943
2872,182.4973181905989
2874,267.6890634330034
2875,344.6229007556566
2876,307.44163979026507
2877,232.45478700683847
2878,219.21751091003875
2880,260.7608981715817
2881,271.72514674173595
2882,332.44608809449005
2884,284.9048047417548
2886,291.7869094111061
2887,275.53656780190613
2888,282.24888075842665
2889,236.553031970196
2890,224.95835161804666
2891,244.71928661924997
2892,229.5762287008879
2893,337.9358775734647
2894,95.20271286870276
2895,226.55986313222505
2896,310.9304469788801
2897,150.97780446618935
2899,221.63923345987905
2900,334.19389858071077
2902,199.21543062718604
2903,361.3814482476009
2904,247.11321705870327
2905,347.4938840610471
2906,232.0599877431722
2909,322.6867316462742
2910,403.79332448179673
2911,233.0510973093857
2912,228.47453589700615
2913,357.78951152407035
2914,421.81609786191234
2915,198.33273998037248
2916,155.66854385637612
2918,297.25024898174445
2919,366.9475679956281
2920,389.8508438047181
2921,407.4806095896981
2923,282.9332161678544
2925,383.25503563675716
2927,234.24785274241344
2928,395.1911636611012
2929,121.53473284892493
2930,315.08632858505814
2931,303.1617762306509
2932,313.7240327495399
2934,299.27490705770583
2935,248.4378027117209
2936,400.45223113683846
2937,113.87261251938116
2939,105.77031892620288
2940,308.32071584285393
2941,438.7046232080654
2942,170.6514366409751
2947,376.12248555773294
2950,282.3540938567203
2951,295.3129539481048
2952,261.5263987013575
2953,317.39512027380346
2954,363.2640888162021
2955,305.1650751644036
2956,332.0029957400087
2957,279.89183225526153
2958,235.64520948181732
2961,287.38399772903176
2962,470.92950315360713
2963,214.7792990795513
2964,252.04902135841428
2965,421.6747988426338
2966,386.68548011674716
2967,445.4373782560956
2969,401.4040669683267
2970,247.34106119530225
2971,275.77997503548625
2972,198.17303600531864
2973,434.136882492576
2974,272.94483205220354
2975,159.9990860211442
2976,256.6290290947212
2977,293.3619171600319
2978,314.3955884659365
2979,204.81865471407093
2982,165.36199004577134
2983,314.2407916683051
2985,359.3742111808782
2986,483.5989282943542
2987,338.34128571466977
2988,181.710705081116
2989,241.98227719907183
2990,312.2516112640226
2991,321.10543835496276
2994,329.60572797709347
2995,272.38580706849467
2997,97.52939917859884
2999,585.0307082872027
3000,227.4135936181524
3002,276.74229384971886
3004,215.2167172677125
3005,193.53193380381376
3006,231.8889346727473
3007,247.0348420192606
3008,336.3057986585836
3010,373.6426109105453
3012,343.9241217488427
3015,232.56587881155883
3016,306.42064248659443
3017,371.2712660812515
3018,360.30298635231964
3019,290.2528537459465
3020,318.2984160756405
3021,287.1625847651086
3023,152.3726967976129
3024,345.03690719934093
3025,255.78034334926645
3027,266.27005834480894
3028,203.38689340901738
3030,335.4334370578558
3032,236.27160402611457
3033,320.55227331928086
3034,350.17808837909143
3035,192.0734083220682
3037,111.11960062018944
3039,348.6342264021064
3040,201.27079607754254
3045,346.98444153107084
3046,30.389090789921283
3048,318.97495354935086
3049,51.61603097720945
3050,201.5672605104041
3051,375.4140538970014
3052,262.1047093833977
3053,252.64005162970307
3054,350.6757514058438
3055,254.6948396455614
3056,95.03253221084287
3057,410.77419404386455
3058,333.040599665114
3059,285.12325415939006
3060,348.36439759572875
3062,345.3908250410766
3064,178.1017875060486
3065,431.39165605761536
3066,326.2402079602057
3067,267.264699968042
3068,220.81100261031256
3069,338.40202967248365
3071,277.2594204262968
3072,226.98666365936836
3073,266.84329585416197
3074,246.51116516811692
3078,278.7058084983078
3079,205.80406302757277
3080,138.66849165983714
3081,257.8021066886795
3083,546.3675025375264
3084,207.08367631720105
3086,81.53823403503225
3087,411.2976692549999
3094,309.16466181817805
3095,403.8876190455301
3096,354.33302612448006
3097,279.5389967129213
3099,105.62814551400719
3100,449.2423243564356
3102,484.8402962903838
3106,237.78787392394054
3107,194.60518163842607
3111,255.89885444646077
3112,335.8325905740105
3113,390.6507499561891
3114,276.0742234121791
3115,376.40900931992815
3116,196.66398796283124
3117,228.98260914419825
3118,397.3339990442944
3119,231.6459394595447
3122,130.61778632361666
3123,77.01492051943114
3124,220.92559139036064
3125,380.3316446325375
3129,324.09480127855693
3130,301.35030109968966
3131,319.6793955428643
3132,325.80895403782927
3135,302.8063818545088
3136,193.92098017384205
3137,62.85749244481895
3138,345.1117654016708
3139,262.9799592322769
3140,199.23061160844532
3142,233.444899950498
3143,349.4709228495785
3146,229.09794598953795
3147,406.3391185633288
3148,242.79533340398643
3150,240.89273937406008
3151,227.57169375471156
3152,181.26118137775305
3153,235.0913944478002
3154,281.18713691487983
3155,270.5893173492359
3156,233.3266661270727
3157,261.32158837342536
3158,435.7678051242076
3159,159.76696044633854
3161,260.6802914243877
3162,260.51529467837463
3163,285.59424214064916
3165,312.17367550775225
3166,377.22629701087
3167,350.3085446453182
3169,331.935064026736
3170,244.73776217198656
3172,387.0218204565385
3173,366.5695896412917
3174,250.0269716206872
3175,254.07563163752351
3177,486.5657745468584
3180,505.6813395181739
3182,242.9436266751154
3183,336.87581470940813
3186,326.234429029344
3187,431.62042120691126
3188,483.63161847964784
3189,183.31355010702995
3190,223.55842053835386
3192,269.2740856328933
3193,247.89503667238205
3195,201.4476147053188
3196,234.95223919863247
3198,412.5500331953958
3200,274.11410678830475
3201,182.05408512076883
3202,315.6737169767034
3203,307.6340583104161
3205,496.63697026945965
3206,305.7644219687463
3207,428.3963310689148
3209,352.5688232349026
3211,347.01697095628515
3212,382.7755934579259
3213,246.89533565753757
3214,39.13857200470648
3216,210.2106052585245
3219,323.76001493428294
3221,289.2650644413089
3222,206.7460271998832
3226,369.4199627679641
3227,364.4525147885872
3228,268.0055008281006
3230,180.7637254086408
3231,399.1809019232596
3232,295.1247727507441
3233,250.19861926749851
3234,86.64458078077087
3235,267.5633576702535
3238,459.3354773886458
3239,284.83163973156707
3240,360.9312037334951
3241,161.714878187409
3243,412.3414048067766
3244,223.203092278864
3246,432.82565805292984
3247,282.34338567934765
3248,377.30528869372677
3249,265.3249517697483
3250,195.3520250405413
3251,313.72301970167905
3252,212.33987794773063
3253,320.6125150732373
3254,344.77337882406187
3255,148.5808876490255
3257,103.17027205244722
3258,333.601107206739
3259,412.265155880476
3260,291.5032239503478
3262,285.35609546845785
3264,375.4894797060842
3269,355.47345012947915
3271,279.5355427086283
3273,458.5656177203791
3274,468.785559450424
3279,173.9982139606409
3280,259.02076510727375
3281,363.45327079607
3282,113.63332434494622
3283,16.020507265334345
3284,275.9710251701449
3287,400.3298032346452
3289,324.22569826019685
3290,286.3934757302993
3292,319.9968215451506
3293,506.8005290745928
3294,501.4927574232929
3295,131.36903144856524
3297,132.55663404761935
3299,202.7466664698072
3301,331.0367713723622
3302,301.5728468930361
3303,86.59840468729499
3304,314.92469206486726
3306,271.95954247425664
3307,307.79696501145145
3308,224.310537053193
3309,69.26082850355533
3312,58.03236726812338
3314,51.14839912563593
3315,253.98048813178525
3316,370.1049596985945
3319,159.77564488800726
3320,284.56587326142835
3322,157.58062088502652
3323,244.69110048895573
3324,209.0206164197175
3325,136.72619530074644
3326,384.83133119407603
3327,268.9506358588734
3329,312.9093345597244
3331,67.66592425862154
3332,346.2616621580937
3333,175.99480054593005
3334,404.2505810303133
3338,404.0274574963862
3339,390.2766601455887
3340,118.78457545384344
3344,274.7276300858491
3345,478.6916974964404
3346,331.4391904074971
3347,406.0258401001674
3348,331.73786039524055
3349,301.98278803049357
3352,234.86014094857364
3353,403.42133947262323
3354,178.02932152411313
3355,382.4900747043572
3358,249.75206730597455
3359,308.95877073002913
3361,352.4598192144981
3364,208.97715451955852
3365,392.4124284545744
3366,262.34101526718723
3368,84.50229420348114
3372,159.8275451425352
3375,267.27455677016314
3376,299.023022749117
3377,130.87833644140255
3378,422.43113621878183
3379,234.4662758309246
3380,300.54405724348607
3381,205.18158175497865
3382,270.0443468310796
3384,384.7930820398765
3385,278.0700083252335
3387,77.37793189431568
3388,360.3131965717592
3390,285.19943344987814
3392,309.0566221300867
3394,369.13593596401256
3395,236.7172167218232
3396,147.14312216697544
3397,301.7220751134172
3399,477.2036346539903
3401,175.6701172486953
3402,336.7278592656435
3403,539.3811904839631
3404,329.28313647336427
3409,361.454709823483
3410,355.9497878147415
3411,458.1941554907198
3412,327.31998036051084
3416,168.3058670427249
3418,175.11903533148418
3420,293.3296528577498
3421,242.13030643414504
3422,232.17016220902224
3423,504.94630111101026
3424,282.63371152739717
3425,224.08919778036216
3426,416.15405950767627
3427,343.0956306019891
3428,267.4918646768989
3429,249.56861600048833
3431,512.7413490946951
3432,397.52020542826926
3433,451.2103351729452
3434,198.60834373343607
3435,362.1460653974032
3436,179.44375010067645
3437,338.4413620081209
3438,441.2117010615032
3440,264.27288977248094
3441,464.59452430985584
3442,524.2192613804086
3443,360.11788231501873
3445,498.886675249732
3446,143.88479330344785
3448,276.1512737931894
3449,318.7766047522938
3450,36.95165191076694
3453,341.75452347265195
3455,382.92495225700293
3456,182.7785655353582
3457,55.42111543352439
3458,508.7187417768328
3460,231.8559042608449
3461,251.8970434204407
3462,366.7691425764599
3463,87.34884877243667
3464,309.6009847142764
3465,226.35288526311965
3466,462.5580349883599
3467,260.231771045723
3468,58.61116131104063
3469,324.84642986596987
3470,203.662042879497
3471,520.0611098598124
3473,383.7208789972199
3474,104.06751856983622
3476,333.15702123016126
3477,239.9377413941404
3478,244.58270445039057
3481,195.79673156591934
3482,251.8413881395286
3483,346.1526254181383
3484,395.6614419255152
3486,156.51427517055936
3490,173.6765945626821
3491,276.58479002840147
3492,177.392221059297
3493,248.152637901228
3494,437.1117934756237
3498,235.43413877434978
3499,338.16523533711165
3500,257.2485801837279
3501,235.4454491999484
3502,307.20057386661864
3506,320.1469385801297
3508,267.3826078849447
3509,58.51287788283889
3510,213.8699873363528
3513,220.65174265329324
3515,216.63679653562485
3516,216.7748975858599
3517,125.88717745848271
3518,293.23327464263707
3522,365.5443763090923
3523,257.20789836859956
3525,173.73496600467024
3526,279.2637291806925
3528,260.06910907536735
3529,375.28278303410025
3531,262.24800495238173
3532,201.99616393446536
3535,441.96875483111603
3537,214.25251203739253
3538,224.1542469671847
3541,272.82635568820115
3542,216.168656453361
3543,228.06053700970938
3544,77.89622093571688
3545,129.18060057604634
3546,121.73588135558612
3547,245.88465360204896
3548,304.0062859449449
3549,410.4313276260282
3552,237.19284008244065
3553,197.61431545252708
3556,171.80384140311298
3557,281.23417468558347
3558,267.2216533568908
3559,316.1295861453318
3560,136.6165468021959
3562,198.46123967652647
3563,85.41106595231258
3565,336.78184101291185
3566,103.4810151489378
3567,374.9030123223352
3568,82.25869936190838
3571,177.06594238348998
3572,151.42928621455167
3574,316.2034994548321
3575,263.8910026435792
3576,284.35287847779546
3577,247.16686508622615
3579,540.566524651827
3581,259.3161472677384
3582,313.3809681019211
3583,238.19077460836738
3584,333.3986145742142
3585,62.61370255692054
3586,232.75691487992208
3587,237.3304387344401
3588,546.6232404838256
3589,242.69055750427526
3592,241.77936377970173
3594,276.86363820095767
3598,235.5326069329583
3600,267.74264093825013
3601,243.4235085841292
3602,284.31171235689453
3603,294.3753882238698
3604,269.5477222950001
3606,318.3952599150648
3609,294.46664670327164
3610,66.15845601151659
3615,203.52950148793843
3624,213.7684878398943
3625,253.0539978182469
3626,253.57324123966143
3627,257.9281365539473
3628,259.22338245415403
3629,181.4885241025595
3633,195.64400760813717
3634,183.43453043759155
3637,181.23354192010493
3638,294.8861902083645
3639,251.2317731017752
3640,419.03930266635484
3642,210.6031758221675
3644,374.9574301310222
3645,351.5488935471067
3646,348.21840921965594
3651,117.94986920722779
3652,232.8956902577827
3656,205.73686549038257
3657,239.85560344347505
3659,288.6753999512501
3660,308.448588405241
3661,286.6677631165023
3662,117.53382698362566
3664,362.9791942915258
3665,261.0647428289317
3666,311.3063927417313
3667,266.53686913374713
3669,112.40925952898078
3670,210.8530662617671
3671,301.9923530532324
3674,335.40227822855604
3675,264.1706749308837
3676,512.7225826065282
3677,210.4921993710209
3680,243.87159709519165
3681,410.5929809983313
3682,114.95813751058222
3683,289.4053457446371
3685,271.81570165919584
3686,234.89411875744327
3687,254.92524142010416
3691,218.63289617874847
3693,305.07777659078266
3698,274.39887568357744
3699,250.799565383056
3700,377.7755592527201
3702,99.17667093168711
3703,207.18432732045312
3706,30.994987761155244
3709,379.1211035742385
3710,223.13983394323304
3712,293.08109182817907
3713,298.7904242215782
3715,273.8726099483829
3716,228.37082761552028
3717,325.85086872206784
3718,38.445205905144576
3719,349.8755959806422
3720,494.89505863167005
3724,355.35168045550927
3725,219.03713950057363
3726,191.98727427206995
3727,199.6768532879123
3729,84.06289308060377
3733,257.3529209424278
3734,231.17203673857372
3735,419.8497804617257
3736,326.05620194256767
3738,255.893093761958
3739,263.8436240346077
3740,359.8152125399004
3742,184.3163647445997
3743,75.65290092528494
3745,273.61288778825065
3746,559.0991313524951
3748,176.23052965658326
3749,217.7623764189334
3750,333.0898231767276
3751,249.36218882334333
3752,292.93685024724664
3756,305.3572958865928
3758,351.33518071628896
3762,299.2554649420176
3764,414.35120914760046
3766,239.0115739424159
3771,117.3597926793841
3773,240.7260115472352
3775,504.8075798287382
3776,280.55958726787094
3778,411.544030904141
3779,233.09545600807587
3780,460.38171210098994
3783,183.97326398597352
3784,345.04611611776954
3786,270.3415644515028
3787,192.68369150561398
3788,363.87638004448354
3791,84.73335581751508
3792,502.2160459336865
3793,409.3190877134607
3796,303.5611341155377
3798,88.5914776062832
3803,591.2806570484263
3805,83.4642481009464
3807,466.4828736161303
3809,192.96989960182415
3811,281.04235271168545
3812,49.96596904056787
3813,149.51115306401562
3814,328.1456592918562
3816,221.9177791858442
3817,326.40854923577535
3818,463.0044998446565
3821,315.3351237080903
3822,221.29855465867945
3823,222.38921964041083
3824,351.9390408916079
3826,211.366871824594
3828,57.41586354769743
3829,212.107791812085
3831,175.50231356655377
3835,341.7226895517465
3836,304.522877610043
3837,306.8866211476793
3842,232.3533975957689
3843,241.53699213994787
3844,414.7369731251333
3846,285.2219337667009
3847,316.3942055832199
3848,318.9398929382355
3849,315.5582331596541
3850,261.969834685417
3851,389.22123429656654
3852,415.61448286007203
3854,319.6633121928371
3856,188.22515672831528
3858,380.08525187745727
3860,149.63041541774692
3862,207.45781595437666
3864,253.32489440430325
3866,532.0900712849811
3867,322.4714748001106
3868,211.670572522622
3870,405.85772737275056
3871,199.50250844068842
3872,240.79889130432596
3874,254.89223812350883
3875,200.7520370280854
3876,106.00024579063074
3878,390.6030216100171
3880,77.76579328168555
3883,284.8031147661624
3884,68.95818551058937
3886,197.94612348286273
3888,266.0594503998386
3890,224.86328080491626
3891,318.7155779490654
3892,156.79992813141598
3895,402.99532323316953
3898,318.5402493339055
3900,270.59059903915886
3902,276.2269732382251
3903,311.2538679573345
3904,408.67466831099205
3905,378.9537844147926
3907,388.8064776480469
3908,259.9350764272208
3909,240.2032012401328
3910,221.3922449530487
3912,65.93293367322622
3913,65.48633125685456
3914,316.89453708277097
3915,464.5869734936746
3917,44.73094723080885
3918,34.983032629897025
3919,238.00100683807682
3920,283.028882977369
3925,409.0798907221183
3926,284.43963313033896
3929,299.28184535804166
3930,426.8005577271492
3933,313.799648398106
3936,315.90718722828206
3938,98.7848574311115
3941,327.1789882525736
3942,252.00393753787193
3943,372.4952991838754
3945,252.88097050466445
3946,235.23887978907487
3947,266.3107356391497
3950,154.2527161838782
3954,428.4391760210247
3956,545.7815583805527
3958,323.3653387886852
3959,223.0948491847357
3960,105.6175374099298
3962,188.08094751138947
3964,163.99395357724202
3966,106.233242040003
3969,376.01023384487416
3971,244.5742748037419
3972,196.73872091797193
3975,379.91132541808975
3976,565.930458697515
3977,213.10575606352404
3978,258.396836568867
3980,70.5644637674377
3981,361.6620992451631
3985,113.0670311910153
3987,138.1147672551865
3988,172.98072130534047
3989,217.98735056909527
3991,323.0899691655452
3993,236.89038095134083
3994,146.82518458819322
3995,182.07604457426487
3997,208.68730892074927
3999,358.7582142767492
4002,277.92589967710023
4003,395.3593771721844
4004,354.2076471106316
4005,128.87908476894015
4006,481.1852493244737
4007,82.10330412941812
4008,98.87794429554424
4009,125.06204635537142
4011,356.2240486785143
4012,174.41553729777888
4014,315.21430296532617
4017,447.2137284378455
4019,317.90252243175564
4020,138.42031180675394
4022,266.66625081044185
4023,339.5440577509403
4024,347.8611298209612
4026,347.1271356272564
4027,355.4297718063949
4028,340.2811085348867
4029,187.867293017684
4030,269.4776008169126
4033,552.584213937284
4034,242.17234256518148
4036,260.74624877826545
4039,455.8416722620868
4040,336.50225028909654
4041,266.9304791208119
4043,286.512307395305
4044,303.6146142266862
4047,295.62083813580875
4050,215.83088416547844
4051,243.82894713067068
4052,205.80353953685744
4053,230.49066695205283
4054,376.248377962128
4055,349.3938606749157
4056,109.4572772227034
4058,103.25903986495996
4060,302.18699651015595
4064,344.20975393647313
4065,464.8507760445168
4067,197.7319930138569
4071,130.83655906961485
4073,223.2301559311038
4074,351.34614011857093
4075,253.27021245339847
4077,198.67307136158888
4078,328.1229620999461
4081,301.2150112025752
4084,89.32592463075343
4087,198.3495609726947
4088,495.1896861377072
4091,336.7527441365896
4092,503.74300748604537
4093,456.82994447160354
4098,127.91924073013251
4102,173.59173168731763
4105,338.07748738435794
4107,428.88111548449706
4108,325.73624714432344
4109,345.37572283342524
4110,428.7488501153457
4112,166.97651063285775
4115,275.2100978208477
4116,362.8288534164126
4118,52.15522401975022
4119,332.4457823249759
4120,319.8385969808637
4121,406.86261848369736
4122,244.45664068170845
4124,235.1769111311935
4125,269.30930343993805
4126,309.76118749354123
4127,247.76592497584943
4129,340.8560879430877
4131,286.408771574334
4132,237.9419394408337
4133,207.5751302143094
4135,243.27664732034077
4137,237.51153540702265
4138,19.496731443030058
4143,294.724614989173
4145,117.07787351266006
4147,498.65825328051096
4148,300.1893981369974
4149,223.16458241513052
4152,86.6350380205422
4153,108.26167297888831
4155,513.7597890350453
4156,198.316315050824
4157,257.9522867122992
4158,262.98152447499734
4159,30.94980731100713
4160,365.2982554452235
4162,485.09182794068374
4163,207.42789790666984
4164,442.2729827617823
4165,464.07609291975314
4166,235.23400844755636
4167,232.4597621427403
4168,294.70112354282264
4170,102.74566704203473
4171,383.5009997737352
4172,105.12758748754504
4174,244.46993531639097
4176,89.15664052497937
4178,90.8445214279177
4180,145.66631872869675
4181,330.7166169478421
4184,286.69169205899107
4188,110.37670817382012
4189,559.7938965110984
4191,540.9635921589752
4192,390.9563572155498
4193,118.37799792245346
4194,172.0205493825374
4195,292.6060006246762
4198,432.1891676328287
4199,609.4127627182202
4201,84.5357669966279
4204,458.48555873024407
4205,70.88210678773476
4206,55.13809472300545
4207,264.55822058212016
4210,452.1896291080452
4211,381.3193368390503
4212,286.2735505598971
4214,428.95265320993576
4216,224.99247130286426
4218,401.1780375469623
4221,329.9712343333704
4222,219.40646569107503
4223,583.0884462725021
4225,512.6432191496547
4226,472.07724303760824
4228,394.1076229580317
4231,363.5711052772799
4234,356.0744498562526
4240,42.65523694975491
4241,179.469938661588
4242,213.06426750382343
4243,617.3791890494699
4246,451.7620994075637
4247,368.6282487968229
4249,337.88010170142616
4250,272.12853332648865
4251,183.05898008212264
4252,88.8359001172837
4253,146.28291116158516
4255,323.7998881761298
4256,47.73195631790668
4257,497.3074099762157
4258,262.2882097218667
4259,81.37210067671913
4260,178.84678663227578
4262,271.1172794471047
4264,172.99122273274634
4266,273.3088659167274
4268,279.9002231090385
4269,282.85156780032594
4271,421.1249549413756
4272,219.16870872779327
4274,460.5316828694413
4275,306.35554012369266
4276,257.9211614206752
4278,214.8409760413092
4279,281.33668084872016
4280,111.80476993827052
4281,120.81826914130852
4283,327.63883287594734
4285,205.16645246534358
4287,238.10284706976017
4290,96.83447593152232
4291,396.2757552049243
4293,431.366685984452
4294,146.42286154497606
4295,142.74273241004767
4298,216.56166939533023
4300,309.9377037851523
4302,427.55335864475524
4305,286.06290651301015
4308,291.3935018704583
4309,340.80602945924807
4310,242.9189743802035
4311,7.778065869360489
4312,264.2935295988809
4313,353.2828127339003
4317,214.5286978457561
4318,92.95509332649452
4319,355.81076038886386
4320,313.1999195175504
4322,88.0082643152191
4323,178.93226597568946
4325,311.5146760274768
4326,279.19696377829086
4327,436.3883967788684
4330,215.360335968428
4331,219.1331829111723
4332,264.32832379674073
4337,267.10520383577614
4338,335.573693381162
4339,253.13221476004583
4340,146.37228915349624
4342,342.74308814098595
4343,357.4267440002491
4345,289.26045292365984
4348,210.25512938204704
4349,173.02348651057787
4350,275.4167590933703
4351,260.1386205475219
4353,321.5134354005545
4354,293.89009687057296
4355,123.6956622140276
4356,130.40473587131464
4357,298.09855231180944
4358,253.97511590575775
4359,276.20671279727435
4360,202.85608697330395
4361,117.87191910416368
4362,210.3581823036443
4363,272.58911461223533
4365,251.1380749790078
4368,275.7220378850712
4370,264.5448867934145
4372,80.0538186175495
4373,103.9722932235086
4376,174.4661101026711
4378,170.56413242585813
4382,196.4579303345131
4384,424.1336060119024
4385,337.57774543947994
4386,132.2521796702722
4389,62.41534860488309
4391,223.430805426161
4393,301.1771749894074
4395,307.6244570859751
4396,266.6637292667633
4397,261.0747040584695
4399,264.4657830589117
4401,180.04640697502464
4402,139.83552385685653
4403,186.63870700774575
4405,356.8660798246069
4406,506.9885964220771
4407,234.7862877138905
4408,337.9207390469487
4409,233.57492435499216
4412,189.7088227022914
4413,335.8943656298745
4414,252.96009220066023
4416,375.8026430115292
4420,281.40274093787275
4422,317.75911957824565
4424,244.8129486582152
4426,533.2991563741302
4427,216.60389909690412
4428,190.4233037854401
4431,302.71573759392686
4433,403.4424154514159
4434,462.7720576121424
4435,215.97705670637947
4436,337.7498618261443
4437,512.0991753364674
4438,461.7147982422298
4440,197.7222476203692
4441,254.13701574227207
4443,181.87335060291343
4444,279.03385880294945
4445,408.1931824351264
4446,376.0261412665891
4447,340.733206377076
4448,259.22954111764193
4449,269.48223966963724
4450,389.9457029744924
4453,389.1908669028571
4454,334.43673675385025
4455,313.2290125688287
4457,352.74683536738485
4460,148.45801771853758
4461,255.615148120442
4462,367.9356507334364
4463,239.08036130189998
4464,415.88417222953376
4466,281.99578732511554
4467,228.3571309619624
4469,170.0200071064328
4470,326.11292820708377
4473,446.1959428358418
4475,255.79445887687325
4476,365.6382190408283
4478,214.646515779124
4479,80.41228701169575
4481,219.396365850248
4482,311.89122208283726
4485,234.405224442
4488,111.4095225941378
4489,282.4819170960345
4491,92.38416206237888
4492,489.2066265878466
4493,299.79246253196743
4495,263.9581317676011
4496,339.66846932344106
4497,547.9848437203723
4499,324.1944532841904
4500,396.9463713945838
4501,189.85072838832772
4505,274.6537587377184
4506,273.9170030128876
4507,151.50445595644123
4509,216.5570392669056
4510,339.1094538739867
4513,273.91636386608843
4518,224.6031042415561
4524,546.7614197236776
4525,279.4074744852903
4527,388.87781352074944
4528,482.3219293744064
4529,270.2761820152882
4530,294.23119648914144
4532,413.7004326555848
4540,192.42473591869657
4542,218.0971146139013
4543,125.83486397858178
4546,190.38035091085976
4548,362.9948837156853
4549,191.9795070222244
4551,277.3808929952452
4552,252.3023366490229
4555,189.1830970234828
4556,265.3852827696087
4557,522.4606461605522
4563,428.84264634336114
4565,398.8407090389783
4566,246.0078292541334
4567,196.73319521773143
4571,76.35023764149037
4573,326.5119566720632
4576,488.5067307774557
4577,224.58222559639356
4581,482.42801043404506
4582,218.18317011226875
4583,201.74755065657155
4584,166.8217595916799
4585,398.78696785863895
4588,287.6187754420457
4590,489.9573280053364
4599,204.42100423727837
4600,331.1759591905516
4601,500.7638003160246
4602,271.54759416469324
4606,180.4770281723904
4612,193.85045700448973
4613,500.1993238875566
4614,344.93885226204566
4618,357.24066354575416
4622,638.7565669931355
4625,390.3134356751039
4630,204.2009896924997
4638,247.9229202712204
4640,240.21109479934196
4642,311.97254895702645
4651,260.30443535038285
4658,275.8720196885447
4661,233.4455185969491
4677,407.9476669004771
4678,210.10371155951816
4679,288.84132792116634
4681,278.1880386277835
4690,224.9412672362405
4695,290.40679577082983
4698,276.4379181784816
4706,233.25932308667507
4715,204.0493288217613
4717,268.51984298252773
4732,222.48136703563927
4733,187.811749828169
4736,552.319654248718
4743,252.2294380106582
4745,277.52832819985906
4747,220.79452578734708
4748,194.4366559767509
4753,446.53707803302814
4772,265.4938116534154
4775,193.5179089611456
4777,219.8682755171526
4782,213.5886763619469
4808,365.5681919889808
4812,272.83024070531155
4813,211.6127572886021
4821,426.7663432511436
4826,234.13799038077468
4829,361.80734163079205
4832,268.8037826181494
4834,419.4997613947894
4836,260.1340956764243
4838,220.7232468729744
4851,437.43533753934616
4855,516.973128984217
4860,338.33075545405745
4862,192.6190179074688
4866,371.8143931085715
4867,316.2747457688429
4870,369.76479340707147
4871,495.7751936846953
4872,315.0372711801783
4873,327.0299984197218
4874,235.38487600880129
4880,304.58748893596567
4882,280.8606969696307
4884,205.17567770948332
4902,267.83767589945137
4908,379.81984063729215
4911,326.3943805238823
4914,313.3768964635028
4919,302.8072669528852
4922,288.63698197231633
4926,494.87997864172166
4928,260.8621834521664
4929,389.0138664350038
4941,254.4288082950784
4942,209.0290622678317
4951,260.7306379740903
4953,213.43130743484107
4962,189.05587705726293
4970,476.6483040372564
4982,274.9293998863882
4993,444.4820744076696
5011,505.8261585606456
5012,205.45743194363604
5015,216.99895150793876
5018,282.57316287497224
5019,553.8510077814421
5021,343.2906463014856
5022,593.1810106850467
5024,236.595112628856
5028,677.8260239589472
5043,422.3144010220181
5053,533.6785465008475
5058,238.10787375274185
5062,566.9233855881785
5063,318.02817937858026
5065,244.0720740024872
5067,497.2850441070018
5075,307.6230498814871
5080,259.91777698143505
5082,531.0481744006602
5086,589.5423087544004
5087,314.3846512825139
5090,208.03719034825872
5091,382.75733214385855
5096,375.9021271280094
5100,226.71871999127416
5104,310.05581898647006
5105,719.4383621601114
5107,216.0551297964089
5108,688.6683509599452
5115,388.110409766914
5130,395.7842440023269
5142,406.0849191509237
5148,413.1773626402978
5149,209.87497086048504
5159,420.1829702631212
5162,324.9374931230277
5163,480.2168297422163
5167,270.0395456235233
5170,213.9713763919217
5173,308.72182572179645
5176,520.1741942102744
5177,449.9176229121672
5200,236.47988435317168
5203,177.96101109089022
5205,257.3792454427962
5206,389.8247773510825
5214,207.1712527502937
5215,192.9495104245775
5219,205.09782543527217
5229,337.5718824930018
5231,611.0748134739683
5235,204.7185648769787
5239,349.6965303106167
5246,254.59332572504584
5247,242.36170563416363
5251,209.20087971198652
5254,215.992491628298
5261,240.82298083964812
5262,326.6847952983803
5263,425.2011726658575
5273,413.4574680883629
5275,247.49659117015608
5279,393.99308278086846
5282,299.81454806340435
5286,248.58902674919136
5289,228.457493568088
5292,196.94349091014965
5296,206.2668453188576
5324,144.48628492114722
5326,209.17118904127983
5330,227.5383877551544
5333,312.0911188481132
5340,288.32460766940267
5343,277.9080332513345
5347,432.02484005178303
5353,487.21008742278855
5355,275.32382480052047
5358,226.71604348788105
5366,370.1175795342447
5372,132.58459564845634
5375,245.0418645853615
5377,237.4040400756394
